Table with row headers in column B and NAICS codes in column A with column headers in row 4,,,,,,,,,,,,,,,,,,,,,,,,,,,,,,,,,,,,,,,,,,,,,,,,,,,,,,,,,,,,,,,,,,,,,,,,,,,,,,,,,,,,,,,,,,,,,,,,,,,,,,,,,,,,,,,,,,,,,,,,,,,,,,,,,,,,,,,,,,,,,,,,,,,,,,,,,,,,,,,,,,,,,,,,,,,,,,,,,,,,,,,,,,,,,,,,,,,,,,,,,,,,,,,,,,,,,,,,,,,,,,,,,,,,,,,,,,,,,,,,,,,,,,,,,,,,,,,,,
Estimated Annual Sales of U.S. Retail Firms by Kind of Business: 1992-2020,,,,,,,,,,,,,,,,,,,,,,,,,,,,,,,,,,,,,,,,,,,,,,,,,,,,,,,,,,,,,,,,,,,,,,,,,,,,,,,,,,,,,,,,,,,,,,,,,,,,,,,,,,,,,,,,,,,,,,,,,,,,,,,,,,,,,,,,,,,,,,,,,,,,,,,,,,,,,,,,,,,,,,,,,,,,,,,,,,,,,,,,,,,,,,,,,,,,,,,,,,,,,,,,,,,,,,,,,,,,,,,,,,,,,,,,,,,,,,,,,,,,,,,,,,,,,,,,,
[Estimates are shown in millions of dollars and are based on data from the Annual Retail Trade Survey.  Estimates have been adjusted using final results of the 2017 Economic Census.],,,,,,,,,,,,,,,,,,,,,,,,,,,,,,,,,,,,,,,,,,,,,,,,,,,,,,,,,,,,,,,,,,,,,,,,,,,,,,,,,,,,,,,,,,,,,,,,,,,,,,,,,,,,,,,,,,,,,,,,,,,,,,,,,,,,,,,,,,,,,,,,,,,,,,,,,,,,,,,,,,,,,,,,,,,,,,,,,,,,,,,,,,,,,,,,,,,,,,,,,,,,,,,,,,,,,,,,,,,,,,,,,,,,,,,,,,,,,,,,,,,,,,,,,,,,,,,,,
NAICS Code,Kind of Business,2020,2019r,2018r,2017r,2016r,2015r,2014r,2013r,2012,2011,2010,2009,2008,2007,2006,2005,2004,2003,2002,2001,2000,1999,1998,1997,1996,1995,1994,1993,1992,,,,,,,,,,,,,,,,,,,,,,,,,,,,,,,,,,,,,,,,,,,,,,,,,,,,,,,,,,,,,,,,,,,,,,,,,,,,,,,,,,,,,,,,,,,,,,,,,,,,,,,,,,,,,,,,,,,,,,,,,,,,,,,,,,,,,,,,,,,,,,,,,,,,,,,,,,,,,,,,,,,,,,,,,,,,,,,,,,,,,,,,,,,,,,,,,,,,,,,,,,,,,,,,,,,,,,,,,,,,,,,,,,,
,"Retail sales, total ………………………………………...…………………………………………………………………………………………………","5,570,393","5,402,272","5,255,425","5,040,214","4,848,096","4,726,111","4,640,651","4,459,238","4,302,229","4,102,952","3,818,048","3,612,471","3,935,315","3,995,182","3,871,573","3,689,283","3,473,048","3,262,731","3,128,552","3,062,268","2,983,276","2,803,090","2,581,762","2,468,767","2,361,549","2,217,616","2,105,235","1,937,628","1,811,237",,,,,,,,,,,,,,,,,,,,,,,,,,,,,,,,,,,,,,,,,,,,,,,,,,,,,,,,,,,,,,,,,,,,,,,,,,,,,,,,,,,,,,,,,,,,,,,,,,,,,,,,,,,,,,,,,,,,,,,,,,,,,,,,,,,,,,,,,,,,,,,,,,,,,,,,,,,,,,,,,,,,,,,,,,,,,,,,,,,,,,,,,,,,,,,,,,,,,,,,,,,,,,,,,,,,,,,,,,,,,,,,,,,
,"Retail sales, total (excl. motor vehicle and parts dealers) ………………………………………...…………………………………………………………………………………………………","4,362,089","4,164,528","4,050,484","3,854,518","3,696,376","3,622,590","3,613,911","3,497,181","3,415,735","3,290,014","3,075,135","2,940,699","3,149,450","3,085,043","2,971,576","2,800,976","2,606,676","2,421,143","2,309,741","2,246,689","2,187,066","2,038,886","1,893,347","1,814,950","1,734,042","1,637,901","1,564,094","1,464,712","1,392,844",,,,,,,,,,,,,,,,,,,,,,,,,,,,,,,,,,,,,,,,,,,,,,,,,,,,,,,,,,,,,,,,,,,,,,,,,,,,,,,,,,,,,,,,,,,,,,,,,,,,,,,,,,,,,,,,,,,,,,,,,,,,,,,,,,,,,,,,,,,,,,,,,,,,,,,,,,,,,,,,,,,,,,,,,,,,,,,,,,,,,,,,,,,,,,,,,,,,,,,,,,,,,,,,,,,,,,,,,,,,,,,,,,,
,GAFO1 ………………………………………...…………………………………………………………………………………………………,"1,229,215","1,306,269","1,298,225","1,274,977","1,267,817","1,262,841","1,241,577","1,213,826","1,191,843","1,155,666","1,114,374","1,088,197","1,136,376","1,143,426","1,110,155","1,059,599","1,003,891","946,114","912,707","882,700","862,739","815,665","757,936","713,387","682,613","650,040","616,347","570,782","533,388",,,,,,,,,,,,,,,,,,,,,,,,,,,,,,,,,,,,,,,,,,,,,,,,,,,,,,,,,,,,,,,,,,,,,,,,,,,,,,,,,,,,,,,,,,,,,,,,,,,,,,,,,,,,,,,,,,,,,,,,,,,,,,,,,,,,,,,,,,,,,,,,,,,,,,,,,,,,,,,,,,,,,,,,,,,,,,,,,,,,,,,,,,,,,,,,,,,,,,,,,,,,,,,,,,,,,,,,,,,,,,,,,,,
441,    Motor vehicle and parts dealers ………………………………………...…………………………………………………………………………………………………,"1,208,304","1,237,744","1,204,941","1,185,696","1,151,720","1,103,521","1,026,740","962,057","886,494","812,938","742,913","671,772","785,865","910,139","899,997","888,307","866,372","841,588","818,811","815,579","796,210","764,204","688,415","653,817","627,507","579,715","541,141","472,916","418,393",,,,,,,,,,,,,,,,,,,,,,,,,,,,,,,,,,,,,,,,,,,,,,,,,,,,,,,,,,,,,,,,,,,,,,,,,,,,,,,,,,,,,,,,,,,,,,,,,,,,,,,,,,,,,,,,,,,,,,,,,,,,,,,,,,,,,,,,,,,,,,,,,,,,,,,,,,,,,,,,,,,,,,,,,,,,,,,,,,,,,,,,,,,,,,,,,,,,,,,,,,,,,,,,,,,,,,,,,,,,,,,,,,,
4411,   Automobile dealers ………………………………………...…………………………………………………………………………………………………,"1,023,172","1,065,549","1,035,685","1,020,587","991,812","949,238","880,991","821,791","752,778","684,505","621,180","551,996","649,505","767,403","760,798","753,071","738,074","722,260","706,682","707,676","687,782","661,820","593,501","564,658","543,949","501,684","468,100","407,126","358,444",,,,,,,,,,,,,,,,,,,,,,,,,,,,,,,,,,,,,,,,,,,,,,,,,,,,,,,,,,,,,,,,,,,,,,,,,,,,,,,,,,,,,,,,,,,,,,,,,,,,,,,,,,,,,,,,,,,,,,,,,,,,,,,,,,,,,,,,,,,,,,,,,,,,,,,,,,,,,,,,,,,,,,,,,,,,,,,,,,,,,,,,,,,,,,,,,,,,,,,,,,,,,,,,,,,,,,,,,,,,,,,,,,,
44111,New car dealers ………………………………………...…………………………………………………………………………………………………,"905,494","942,836","918,326","906,487","883,452","848,167","788,883","737,082","672,550","608,788","549,473","486,565","575,593","687,707","685,622","681,947","670,553","659,205","645,759","649,413","630,123","606,167","542,559","518,972","502,340","464,642","435,661","379,522","333,801",,,,,,,,,,,,,,,,,,,,,,,,,,,,,,,,,,,,,,,,,,,,,,,,,,,,,,,,,,,,,,,,,,,,,,,,,,,,,,,,,,,,,,,,,,,,,,,,,,,,,,,,,,,,,,,,,,,,,,,,,,,,,,,,,,,,,,,,,,,,,,,,,,,,,,,,,,,,,,,,,,,,,,,,,,,,,,,,,,,,,,,,,,,,,,,,,,,,,,,,,,,,,,,,,,,,,,,,,,,,,,,,,,,
44112,Used car dealers ………………………………………...…………………………………………………………………………………………………,"117,678","122,713","117,359","114,100","108,360","101,071","92,108","84,709","80,228","75,717","71,707","65,431","73,912","79,696","75,176","71,124","67,521","63,055","60,923","58,263","57,659","55,653","50,942","45,686","41,609","37,042","32,439","27,604","24,643",,,,,,,,,,,,,,,,,,,,,,,,,,,,,,,,,,,,,,,,,,,,,,,,,,,,,,,,,,,,,,,,,,,,,,,,,,,,,,,,,,,,,,,,,,,,,,,,,,,,,,,,,,,,,,,,,,,,,,,,,,,,,,,,,,,,,,,,,,,,,,,,,,,,,,,,,,,,,,,,,,,,,,,,,,,,,,,,,,,,,,,,,,,,,,,,,,,,,,,,,,,,,,,,,,,,,,,,,,,,,,,,,,,
4412,Other motor vehicle dealers ………………………………………...…………………………………………………………………………………………………,"87,149","75,407","74,309","71,666","67,255","63,386","58,941","54,737","49,581","45,469","43,794","45,550","60,042","68,001","66,924","65,171","61,515","55,112","49,507","46,811","44,989","39,735","34,915","30,615","27,994","26,128","23,801","20,980","18,026",,,,,,,,,,,,,,,,,,,,,,,,,,,,,,,,,,,,,,,,,,,,,,,,,,,,,,,,,,,,,,,,,,,,,,,,,,,,,,,,,,,,,,,,,,,,,,,,,,,,,,,,,,,,,,,,,,,,,,,,,,,,,,,,,,,,,,,,,,,,,,,,,,,,,,,,,,,,,,,,,,,,,,,,,,,,,,,,,,,,,,,,,,,,,,,,,,,,,,,,,,,,,,,,,,,,,,,,,,,,,,,,,,,
4413,"Automotive parts, access., and tire stores ………………………………………...…………………………………………………………………………………………………","97,983","96,788","94,947","93,443","92,653","90,897","86,808","85,529","84,135","82,964","77,939","74,226","76,318","74,735","72,275","70,065","66,783","64,216","62,622","61,092","63,439","62,649","59,999","58,544","55,564","51,903","49,240","44,810","41,923",,,,,,,,,,,,,,,,,,,,,,,,,,,,,,,,,,,,,,,,,,,,,,,,,,,,,,,,,,,,,,,,,,,,,,,,,,,,,,,,,,,,,,,,,,,,,,,,,,,,,,,,,,,,,,,,,,,,,,,,,,,,,,,,,,,,,,,,,,,,,,,,,,,,,,,,,,,,,,,,,,,,,,,,,,,,,,,,,,,,,,,,,,,,,,,,,,,,,,,,,,,,,,,,,,,,,,,,,,,,,,,,,,,
442,Furniture and home furnishings stores ………………………………………...…………………………………………………………………………………………………,"113,023","120,650","119,026","115,309","112,320","107,884","100,551","95,753","91,542","87,586","85,205","84,749","98,720","111,144","112,795","109,120","103,757","96,736","94,438","91,484","91,170","84,294","77,412","72,715","67,707","63,470","60,416","55,456","52,336",,,,,,,,,,,,,,,,,,,,,,,,,,,,,,,,,,,,,,,,,,,,,,,,,,,,,,,,,,,,,,,,,,,,,,,,,,,,,,,,,,,,,,,,,,,,,,,,,,,,,,,,,,,,,,,,,,,,,,,,,,,,,,,,,,,,,,,,,,,,,,,,,,,,,,,,,,,,,,,,,,,,,,,,,,,,,,,,,,,,,,,,,,,,,,,,,,,,,,,,,,,,,,,,,,,,,,,,,,,,,,,,,,,
4421,Furniture stores ………………………………………...…………………………………………………………………………………………………,"62,238","64,198","63,301","61,288","60,295","58,328","53,921","51,200","49,752","47,658","46,664","45,810","52,708","59,288","60,122","58,745","55,849","51,719","51,264","50,572","50,617","47,022","44,110","41,877","39,168","36,977","35,503","33,299","31,552",,,,,,,,,,,,,,,,,,,,,,,,,,,,,,,,,,,,,,,,,,,,,,,,,,,,,,,,,,,,,,,,,,,,,,,,,,,,,,,,,,,,,,,,,,,,,,,,,,,,,,,,,,,,,,,,,,,,,,,,,,,,,,,,,,,,,,,,,,,,,,,,,,,,,,,,,,,,,,,,,,,,,,,,,,,,,,,,,,,,,,,,,,,,,,,,,,,,,,,,,,,,,,,,,,,,,,,,,,,,,,,,,,,
4422,Home furnishings stores ………………………………………...…………………………………………………………………………………………………,"50,785","56,452","55,725","54,021","52,025","49,556","46,630","44,553","41,790","39,928","38,541","38,939","46,012","51,856","52,673","50,375","47,908","45,017","43,174","40,912","40,553","37,272","33,302","30,838","28,539","26,493","24,913","22,157","20,784",,,,,,,,,,,,,,,,,,,,,,,,,,,,,,,,,,,,,,,,,,,,,,,,,,,,,,,,,,,,,,,,,,,,,,,,,,,,,,,,,,,,,,,,,,,,,,,,,,,,,,,,,,,,,,,,,,,,,,,,,,,,,,,,,,,,,,,,,,,,,,,,,,,,,,,,,,,,,,,,,,,,,,,,,,,,,,,,,,,,,,,,,,,,,,,,,,,,,,,,,,,,,,,,,,,,,,,,,,,,,,,,,,,
44221,Floor covering stores …………………………………………………………………………………………………………………………………………………,"23,662","23,937","23,821","22,495","20,961","19,524","18,023","16,893","15,483","14,758","14,573","15,302","18,764","22,071","23,154","22,125","20,907","19,543","19,025","19,208","19,519","18,409","16,961","16,050","14,639","13,704","12,765","11,460","10,597",,,,,,,,,,,,,,,,,,,,,,,,,,,,,,,,,,,,,,,,,,,,,,,,,,,,,,,,,,,,,,,,,,,,,,,,,,,,,,,,,,,,,,,,,,,,,,,,,,,,,,,,,,,,,,,,,,,,,,,,,,,,,,,,,,,,,,,,,,,,,,,,,,,,,,,,,,,,,,,,,,,,,,,,,,,,,,,,,,,,,,,,,,,,,,,,,,,,,,,,,,,,,,,,,,,,,,,,,,,,,,,,,,,
44229,Other home furnishings stores …………………………………………………………………………………………………………………………………………………,"27,123","32,515","31,904","31,526","31,064","30,032","28,607","27,660","26,307","25,170","23,968","23,637","27,248","29,785","29,519","28,250","27,001","25,474","24,149","21,704","21,034","18,863","16,341","14,788","13,900","12,789","12,148","10,697","10,187",,,,,,,,,,,,,,,,,,,,,,,,,,,,,,,,,,,,,,,,,,,,,,,,,,,,,,,,,,,,,,,,,,,,,,,,,,,,,,,,,,,,,,,,,,,,,,,,,,,,,,,,,,,,,,,,,,,,,,,,,,,,,,,,,,,,,,,,,,,,,,,,,,,,,,,,,,,,,,,,,,,,,,,,,,,,,,,,,,,,,,,,,,,,,,,,,,,,,,,,,,,,,,,,,,,,,,,,,,,,,,,,,,,
442299,All other home furnishings stores ………………………………………...………………….………………………………………………………………,"25,298","30,597","30,045","29,876","29,513","28,607","27,241","26,428","25,195","24,080","22,868","22,468","25,696","28,063","27,724","26,579","25,579","24,213","22,897","20,547","19,916","17,761","15,288","13,791","12,851","11,763","11,189","9,787","9,303",,,,,,,,,,,,,,,,,,,,,,,,,,,,,,,,,,,,,,,,,,,,,,,,,,,,,,,,,,,,,,,,,,,,,,,,,,,,,,,,,,,,,,,,,,,,,,,,,,,,,,,,,,,,,,,,,,,,,,,,,,,,,,,,,,,,,,,,,,,,,,,,,,,,,,,,,,,,,,,,,,,,,,,,,,,,,,,,,,,,,,,,,,,,,,,,,,,,,,,,,,,,,,,,,,,,,,,,,,,,,,,,,,,
443,Electronics and appliance stores ………………………………………...…………………………………………………………………………………………………,"75,978","90,934","94,105","92,424","93,963","100,175","102,844","103,511","103,882","101,978","99,589","97,899","108,384","110,341","110,091","106,122","100,013","92,850","91,208","88,493","90,422","87,363","82,731","77,657","76,060","72,379","64,370","55,132","48,691",,,,,,,,,,,,,,,,,,,,,,,,,,,,,,,,,,,,,,,,,,,,,,,,,,,,,,,,,,,,,,,,,,,,,,,,,,,,,,,,,,,,,,,,,,,,,,,,,,,,,,,,,,,,,,,,,,,,,,,,,,,,,,,,,,,,,,,,,,,,,,,,,,,,,,,,,,,,,,,,,,,,,,,,,,,,,,,,,,,,,,,,,,,,,,,,,,,,,,,,,,,,,,,,,,,,,,,,,,,,,,,,,,,
4431,Electronics and appliance stores ………………………………………...…………………………………………………………………………………………………,"75,978","90,934","94,105","92,424","93,963","100,175","102,844","103,511","103,882","101,978","99,589","97,899","108,384","110,341","110,091","106,122","100,013","92,850","91,208","88,493","90,422","87,363","82,731","77,657","76,060","72,379","64,370","55,132","48,691",,,,,,,,,,,,,,,,,,,,,,,,,,,,,,,,,,,,,,,,,,,,,,,,,,,,,,,,,,,,,,,,,,,,,,,,,,,,,,,,,,,,,,,,,,,,,,,,,,,,,,,,,,,,,,,,,,,,,,,,,,,,,,,,,,,,,,,,,,,,,,,,,,,,,,,,,,,,,,,,,,,,,,,,,,,,,,,,,,,,,,,,,,,,,,,,,,,,,,,,,,,,,,,,,,,,,,,,,,,,,,,,,,,
44314,Electronics and appliance stores ………………………………………...…………………………………………………………………………………………………,"75,978","90,934","94,105","92,424","93,963","100,175","102,844","103,511","103,882","101,978","99,589","97,899","108,384","110,341","110,091","106,122","100,013","92,850","91,208","88,493","90,422","87,363","82,731","77,657","76,060","72,379","64,370","55,132","48,691",,,,,,,,,,,,,,,,,,,,,,,,,,,,,,,,,,,,,,,,,,,,,,,,,,,,,,,,,,,,,,,,,,,,,,,,,,,,,,,,,,,,,,,,,,,,,,,,,,,,,,,,,,,,,,,,,,,,,,,,,,,,,,,,,,,,,,,,,,,,,,,,,,,,,,,,,,,,,,,,,,,,,,,,,,,,,,,,,,,,,,,,,,,,,,,,,,,,,,,,,,,,,,,,,,,,,,,,,,,,,,,,,,,
443141,Household appliance stores ………………………………………...…………………………………………………………………………………………………,"18,202","16,925","16,938","16,806","17,527","17,294","17,202","17,194","16,415","15,807","15,456","15,289","16,988","17,799","17,745","16,792","15,608","14,464","14,205","13,479","12,630","12,082","11,099","10,374","10,215","9,980","9,045","9,137","8,437",,,,,,,,,,,,,,,,,,,,,,,,,,,,,,,,,,,,,,,,,,,,,,,,,,,,,,,,,,,,,,,,,,,,,,,,,,,,,,,,,,,,,,,,,,,,,,,,,,,,,,,,,,,,,,,,,,,,,,,,,,,,,,,,,,,,,,,,,,,,,,,,,,,,,,,,,,,,,,,,,,,,,,,,,,,,,,,,,,,,,,,,,,,,,,,,,,,,,,,,,,,,,,,,,,,,,,,,,,,,,,,,,,,
443142,Electronics stores ………………………………………...…………………………………………………………………………………………………,"57,776","74,009","77,167","75,618","76,436","82,881","85,642","86,317","87,467","86,171","84,133","82,610","91,396","92,542","92,346","89,330","84,405","78,386","77,003","75,014","77,792","75,281","71,632","67,283","65,845","62,399","55,325","45,995","40,254",,,,,,,,,,,,,,,,,,,,,,,,,,,,,,,,,,,,,,,,,,,,,,,,,,,,,,,,,,,,,,,,,,,,,,,,,,,,,,,,,,,,,,,,,,,,,,,,,,,,,,,,,,,,,,,,,,,,,,,,,,,,,,,,,,,,,,,,,,,,,,,,,,,,,,,,,,,,,,,,,,,,,,,,,,,,,,,,,,,,,,,,,,,,,,,,,,,,,,,,,,,,,,,,,,,,,,,,,,,,,,,,,,,
444,Building mat. and garden equip. and supplies dealers ………………………………………...…………………………………………………………………………………………………,"422,211","373,321","367,655","349,365","337,699","323,979","313,527","299,578","281,533","269,480","260,566","261,637","301,833","320,854","334,130","320,802","295,274","263,463","248,539","239,379","228,994","218,290","202,423","191,063","176,683","164,561","157,228","140,964","130,989",,,,,,,,,,,,,,,,,,,,,,,,,,,,,,,,,,,,,,,,,,,,,,,,,,,,,,,,,,,,,,,,,,,,,,,,,,,,,,,,,,,,,,,,,,,,,,,,,,,,,,,,,,,,,,,,,,,,,,,,,,,,,,,,,,,,,,,,,,,,,,,,,,,,,,,,,,,,,,,,,,,,,,,,,,,,,,,,,,,,,,,,,,,,,,,,,,,,,,,,,,,,,,,,,,,,,,,,,,,,,,,,,,,
4441,Building mat. and supplies dealers ………………………………………...…………………………………………………………………………………………………,"368,503","327,257","322,681","305,471","294,954","281,279","270,148","257,726","242,176","232,649","225,712","227,474","263,082","283,847","299,382","286,604","261,200","230,971","217,184","207,020","197,649","187,916","172,201","162,068","150,453","141,028","135,099","120,426","110,315",,,,,,,,,,,,,,,,,,,,,,,,,,,,,,,,,,,,,,,,,,,,,,,,,,,,,,,,,,,,,,,,,,,,,,,,,,,,,,,,,,,,,,,,,,,,,,,,,,,,,,,,,,,,,,,,,,,,,,,,,,,,,,,,,,,,,,,,,,,,,,,,,,,,,,,,,,,,,,,,,,,,,,,,,,,,,,,,,,,,,,,,,,,,,,,,,,,,,,,,,,,,,,,,,,,,,,,,,,,,,,,,,,,
44412,Paint and wallpaper stores ………………………………………...…………………………………………………………………………………………………,"13,743","12,642","12,208","11,536","10,974","10,605","10,233","9,419","9,134","8,423","7,972","7,956","9,415","10,166","10,332","9,842","8,880","8,478","8,096","8,589","8,863","8,713","8,513","7,691","7,038","6,455","5,751","5,153","4,714",,,,,,,,,,,,,,,,,,,,,,,,,,,,,,,,,,,,,,,,,,,,,,,,,,,,,,,,,,,,,,,,,,,,,,,,,,,,,,,,,,,,,,,,,,,,,,,,,,,,,,,,,,,,,,,,,,,,,,,,,,,,,,,,,,,,,,,,,,,,,,,,,,,,,,,,,,,,,,,,,,,,,,,,,,,,,,,,,,,,,,,,,,,,,,,,,,,,,,,,,,,,,,,,,,,,,,,,,,,,,,,,,,,
44413,Hardware stores ………………………………………...…………………………………………………………………………………………………,"35,393","29,360","28,059","25,891","24,463","23,719","23,002","21,229","20,747","20,041","18,706","18,667","20,072","20,509","19,983","18,881","18,300","17,674","16,962","16,539","16,179","15,586","14,965","13,952","13,907","13,718","13,778","13,000","12,670",,,,,,,,,,,,,,,,,,,,,,,,,,,,,,,,,,,,,,,,,,,,,,,,,,,,,,,,,,,,,,,,,,,,,,,,,,,,,,,,,,,,,,,,,,,,,,,,,,,,,,,,,,,,,,,,,,,,,,,,,,,,,,,,,,,,,,,,,,,,,,,,,,,,,,,,,,,,,,,,,,,,,,,,,,,,,,,,,,,,,,,,,,,,,,,,,,,,,,,,,,,,,,,,,,,,,,,,,,,,,,,,,,,
445,Food and beverage stores ………………………………………...…………………………………………………………………………………………………,"850,215","775,014","749,867","728,843","702,020","687,375","670,473","641,515","628,205","609,137","580,530","568,418","569,276","547,837","525,232","508,484","490,380","474,385","464,856","462,429","444,764","433,699","416,525","409,373","401,073","390,386","384,340","374,516","370,513",,,,,,,,,,,,,,,,,,,,,,,,,,,,,,,,,,,,,,,,,,,,,,,,,,,,,,,,,,,,,,,,,,,,,,,,,,,,,,,,,,,,,,,,,,,,,,,,,,,,,,,,,,,,,,,,,,,,,,,,,,,,,,,,,,,,,,,,,,,,,,,,,,,,,,,,,,,,,,,,,,,,,,,,,,,,,,,,,,,,,,,,,,,,,,,,,,,,,,,,,,,,,,,,,,,,,,,,,,,,,,,,,,,
4451,Grocery stores ………………………………………...…………………………………………………………………………………………………,"759,748","694,370","671,329","653,178","627,871","616,086","601,498","575,476","563,645","547,476","520,750","510,033","511,222","491,360","471,699","457,667","441,136","427,987","419,813","418,127","402,515","394,250","378,188","372,570","365,547","356,409","350,523","341,318","337,370",,,,,,,,,,,,,,,,,,,,,,,,,,,,,,,,,,,,,,,,,,,,,,,,,,,,,,,,,,,,,,,,,,,,,,,,,,,,,,,,,,,,,,,,,,,,,,,,,,,,,,,,,,,,,,,,,,,,,,,,,,,,,,,,,,,,,,,,,,,,,,,,,,,,,,,,,,,,,,,,,,,,,,,,,,,,,,,,,,,,,,,,,,,,,,,,,,,,,,,,,,,,,,,,,,,,,,,,,,,,,,,,,,,
44511,Supermarkets and other grocery (except convenience) stores …………………………………………………………,"728,863","661,915","640,235","624,972","600,946","590,715","575,675","549,986","539,180","523,371","498,006","489,028","488,540","468,364","448,692","435,523","418,805","406,274","397,272","396,538","381,441","375,401","359,920","354,112","346,947","337,784","331,708","322,511","318,277",,,,,,,,,,,,,,,,,,,,,,,,,,,,,,,,,,,,,,,,,,,,,,,,,,,,,,,,,,,,,,,,,,,,,,,,,,,,,,,,,,,,,,,,,,,,,,,,,,,,,,,,,,,,,,,,,,,,,,,,,,,,,,,,,,,,,,,,,,,,,,,,,,,,,,,,,,,,,,,,,,,,,,,,,,,,,,,,,,,,,,,,,,,,,,,,,,,,,,,,,,,,,,,,,,,,,,,,,,,,,,,,,,,
4452,Specialty food stores ……………………………………………………………………………………………………………………..…………,"24,157","23,662","23,449","23,043","22,896","22,133","21,580","20,392","20,195","19,269","18,379","18,140","18,550","18,349","17,517","17,250","17,055","15,929","15,149","14,681","13,742","12,973","12,955","12,722","12,369","11,970","11,716","11,660","11,456",,,,,,,,,,,,,,,,,,,,,,,,,,,,,,,,,,,,,,,,,,,,,,,,,,,,,,,,,,,,,,,,,,,,,,,,,,,,,,,,,,,,,,,,,,,,,,,,,,,,,,,,,,,,,,,,,,,,,,,,,,,,,,,,,,,,,,,,,,,,,,,,,,,,,,,,,,,,,,,,,,,,,,,,,,,,,,,,,,,,,,,,,,,,,,,,,,,,,,,,,,,,,,,,,,,,,,,,,,,,,,,,,,,
4453,"Beer, wine, and liquor stores ………………………………………...…………………………………………………………………………………………………","66,310","56,982","55,089","52,622","51,253","49,156","47,395","45,647","44,365","42,392","41,401","40,245","39,504","38,128","36,016","33,567","32,189","30,469","29,894","29,621","28,507","26,476","25,382","24,081","23,157","22,007","22,101","21,538","21,687",,,,,,,,,,,,,,,,,,,,,,,,,,,,,,,,,,,,,,,,,,,,,,,,,,,,,,,,,,,,,,,,,,,,,,,,,,,,,,,,,,,,,,,,,,,,,,,,,,,,,,,,,,,,,,,,,,,,,,,,,,,,,,,,,,,,,,,,,,,,,,,,,,,,,,,,,,,,,,,,,,,,,,,,,,,,,,,,,,,,,,,,,,,,,,,,,,,,,,,,,,,,,,,,,,,,,,,,,,,,,,,,,,,
446,Health and personal care stores ………………………………………...…………………………………………………………………………………………………,"351,257","344,045","337,799","323,866","318,928","307,891","294,566","279,551","274,000","271,612","260,435","252,794","246,573","237,164","223,336","210,085","199,290","192,426","179,983","166,533","155,234","142,699","129,583","118,672","109,557","101,635","96,363","92,594","89,705",,,,,,,,,,,,,,,,,,,,,,,,,,,,,,,,,,,,,,,,,,,,,,,,,,,,,,,,,,,,,,,,,,,,,,,,,,,,,,,,,,,,,,,,,,,,,,,,,,,,,,,,,,,,,,,,,,,,,,,,,,,,,,,,,,,,,,,,,,,,,,,,,,,,,,,,,,,,,,,,,,,,,,,,,,,,,,,,,,,,,,,,,,,,,,,,,,,,,,,,,,,,,,,,,,,,,,,,,,,,,,,,,,,
4461,Health and personal care stores ………………………………………...…………………………………………………………………………………………………,"351,257","344,045","337,799","323,866","318,928","307,891","294,566","279,551","274,000","271,612","260,435","252,794","246,573","237,164","223,336","210,085","199,290","192,426","179,983","166,533","155,234","142,699","129,583","118,672","109,557","101,635","96,363","92,594","89,705",,,,,,,,,,,,,,,,,,,,,,,,,,,,,,,,,,,,,,,,,,,,,,,,,,,,,,,,,,,,,,,,,,,,,,,,,,,,,,,,,,,,,,,,,,,,,,,,,,,,,,,,,,,,,,,,,,,,,,,,,,,,,,,,,,,,,,,,,,,,,,,,,,,,,,,,,,,,,,,,,,,,,,,,,,,,,,,,,,,,,,,,,,,,,,,,,,,,,,,,,,,,,,,,,,,,,,,,,,,,,,,,,,,
44611,Pharmacies and drug stores ………………………………………...…………………………………………………………………………………………………,"298,786","284,622","279,613","269,054","265,546","257,355","246,639","233,636","229,951","231,249","222,230","217,260","210,857","202,284","191,018","179,170","169,231","165,524","153,936","141,772","130,857","121,282","108,415","98,823","91,810","85,840","81,994","79,707","77,791",,,,,,,,,,,,,,,,,,,,,,,,,,,,,,,,,,,,,,,,,,,,,,,,,,,,,,,,,,,,,,,,,,,,,,,,,,,,,,,,,,,,,,,,,,,,,,,,,,,,,,,,,,,,,,,,,,,,,,,,,,,,,,,,,,,,,,,,,,,,,,,,,,,,,,,,,,,,,,,,,,,,,,,,,,,,,,,,,,,,,,,,,,,,,,,,,,,,,,,,,,,,,,,,,,,,,,,,,,,,,,,,,,,
44613,Optical goods stores ………………………………………...…………………………………………………………………………………………………,"9,834","11,400","11,018","10,594","10,456","10,374","10,335","10,167","9,957","10,033","9,346","8,757","8,353","8,231","7,581","7,499","7,156","6,912","6,818","6,487","7,228","6,973","6,943","6,563","5,859","5,262","5,286","4,906","4,907",,,,,,,,,,,,,,,,,,,,,,,,,,,,,,,,,,,,,,,,,,,,,,,,,,,,,,,,,,,,,,,,,,,,,,,,,,,,,,,,,,,,,,,,,,,,,,,,,,,,,,,,,,,,,,,,,,,,,,,,,,,,,,,,,,,,,,,,,,,,,,,,,,,,,,,,,,,,,,,,,,,,,,,,,,,,,,,,,,,,,,,,,,,,,,,,,,,,,,,,,,,,,,,,,,,,,,,,,,,,,,,,,,,
447,Gasoline stations ………………………………………...…………………………………………………………………………………………………,"428,076","513,508","522,921","476,152","435,967","455,602","546,962","553,712","555,419","533,457","448,349","391,234","503,639","451,822","421,976","378,923","324,006","275,187","250,619","251,383","249,816","212,524","191,727","199,700","194,425","181,113","171,222","162,376","156,324",,,,,,,,,,,,,,,,,,,,,,,,,,,,,,,,,,,,,,,,,,,,,,,,,,,,,,,,,,,,,,,,,,,,,,,,,,,,,,,,,,,,,,,,,,,,,,,,,,,,,,,,,,,,,,,,,,,,,,,,,,,,,,,,,,,,,,,,,,,,,,,,,,,,,,,,,,,,,,,,,,,,,,,,,,,,,,,,,,,,,,,,,,,,,,,,,,,,,,,,,,,,,,,,,,,,,,,,,,,,,,,,,,,
448,Clothing and clothing access. stores ………………………………………...…………………………………………………………………………………………………,"201,422","269,537","267,482","261,396","261,488","257,279","251,336","245,162","239,493","228,606","213,286","204,475","215,583","221,205","213,189","200,969","190,253","178,694","172,304","167,287","167,674","159,751","149,151","140,293","136,581","131,333","129,083","124,749","120,103",,,,,,,,,,,,,,,,,,,,,,,,,,,,,,,,,,,,,,,,,,,,,,,,,,,,,,,,,,,,,,,,,,,,,,,,,,,,,,,,,,,,,,,,,,,,,,,,,,,,,,,,,,,,,,,,,,,,,,,,,,,,,,,,,,,,,,,,,,,,,,,,,,,,,,,,,,,,,,,,,,,,,,,,,,,,,,,,,,,,,,,,,,,,,,,,,,,,,,,,,,,,,,,,,,,,,,,,,,,,,,,,,,,
4481,Clothing stores ………………………………………...…………………………………………………………………………………………………,"138,285","196,065","195,165","191,108","190,616","187,751","183,488","179,167","176,131","168,095","158,276","151,370","157,702","161,622","154,546","145,575","137,289","128,361","122,834","119,208","118,097","111,681","104,128","97,722","93,712","90,708","90,161","88,127","85,370",,,,,,,,,,,,,,,,,,,,,,,,,,,,,,,,,,,,,,,,,,,,,,,,,,,,,,,,,,,,,,,,,,,,,,,,,,,,,,,,,,,,,,,,,,,,,,,,,,,,,,,,,,,,,,,,,,,,,,,,,,,,,,,,,,,,,,,,,,,,,,,,,,,,,,,,,,,,,,,,,,,,,,,,,,,,,,,,,,,,,,,,,,,,,,,,,,,,,,,,,,,,,,,,,,,,,,,,,,,,,,,,,,,
44811,Men's clothing stores ………………………………………...……………………………………………………………………………………,"5,133","9,304","9,288","9,296","9,272","9,361","9,226","8,838","8,272","7,860","7,285","7,353","8,351","8,772","8,844","8,737","8,566","8,249","8,112","8,625","9,507","9,667","10,196","10,069","9,546","9,315","10,032","9,962","10,179",,,,,,,,,,,,,,,,,,,,,,,,,,,,,,,,,,,,,,,,,,,,,,,,,,,,,,,,,,,,,,,,,,,,,,,,,,,,,,,,,,,,,,,,,,,,,,,,,,,,,,,,,,,,,,,,,,,,,,,,,,,,,,,,,,,,,,,,,,,,,,,,,,,,,,,,,,,,,,,,,,,,,,,,,,,,,,,,,,,,,,,,,,,,,,,,,,,,,,,,,,,,,,,,,,,,,,,,,,,,,,,,,,,
44812,Women's clothing stores ………………………………………...……………………………………………………………………………,"27,807","38,382","39,891","39,212","40,065","40,471","41,175","41,586","41,794","40,048","37,690","36,055","38,402","40,294","38,809","37,075","34,954","32,565","31,246","31,453","31,447","29,549","28,332","27,822","28,238","28,696","30,585","32,350","31,815",,,,,,,,,,,,,,,,,,,,,,,,,,,,,,,,,,,,,,,,,,,,,,,,,,,,,,,,,,,,,,,,,,,,,,,,,,,,,,,,,,,,,,,,,,,,,,,,,,,,,,,,,,,,,,,,,,,,,,,,,,,,,,,,,,,,,,,,,,,,,,,,,,,,,,,,,,,,,,,,,,,,,,,,,,,,,,,,,,,,,,,,,,,,,,,,,,,,,,,,,,,,,,,,,,,,,,,,,,,,,,,,,,,
44814,Family clothing stores ………………………………………...…………………………………………………………………………………,"79,372","112,411","109,175","105,212","103,360","101,010","97,973","95,295","92,631","88,272","84,508","80,924","82,799","84,592","81,712","77,292","72,444","67,494","64,289","60,150","58,913","55,318","50,154","45,243","42,259","39,999","38,103","35,297","33,146",,,,,,,,,,,,,,,,,,,,,,,,,,,,,,,,,,,,,,,,,,,,,,,,,,,,,,,,,,,,,,,,,,,,,,,,,,,,,,,,,,,,,,,,,,,,,,,,,,,,,,,,,,,,,,,,,,,,,,,,,,,,,,,,,,,,,,,,,,,,,,,,,,,,,,,,,,,,,,,,,,,,,,,,,,,,,,,,,,,,,,,,,,,,,,,,,,,,,,,,,,,,,,,,,,,,,,,,,,,,,,,,,,,
44819,Other clothing stores ………………………………………...…………………………………………………………………………………,"12,107","17,376","17,901","17,822","17,878","16,997","15,604","14,556","13,941","12,671","11,704","11,356","11,764","12,003","11,042","10,144","9,983","9,223","8,766","8,888","8,815","8,247","7,470","7,321","7,110","6,610","5,992","5,521","5,295",,,,,,,,,,,,,,,,,,,,,,,,,,,,,,,,,,,,,,,,,,,,,,,,,,,,,,,,,,,,,,,,,,,,,,,,,,,,,,,,,,,,,,,,,,,,,,,,,,,,,,,,,,,,,,,,,,,,,,,,,,,,,,,,,,,,,,,,,,,,,,,,,,,,,,,,,,,,,,,,,,,,,,,,,,,,,,,,,,,,,,,,,,,,,,,,,,,,,,,,,,,,,,,,,,,,,,,,,,,,,,,,,,,
4482,Shoe stores ………………………………………...………………………………………………….……………………………………………………,"29,275","37,413","37,063","36,332","36,916","35,313","33,964","32,760","31,039","29,260","27,233","25,646","26,975","26,811","26,682","25,263","23,685","23,167","23,201","22,884","22,875","22,690","22,238","21,450","21,235","20,341","19,907","19,028","18,616",,,,,,,,,,,,,,,,,,,,,,,,,,,,,,,,,,,,,,,,,,,,,,,,,,,,,,,,,,,,,,,,,,,,,,,,,,,,,,,,,,,,,,,,,,,,,,,,,,,,,,,,,,,,,,,,,,,,,,,,,,,,,,,,,,,,,,,,,,,,,,,,,,,,,,,,,,,,,,,,,,,,,,,,,,,,,,,,,,,,,,,,,,,,,,,,,,,,,,,,,,,,,,,,,,,,,,,,,,,,,,,,,,,
4483,"Jewelry, luggage, and leather goods stores ………………………………………...…………………………………………………………………………………………………","33,862","36,059","35,254","33,956","33,956","34,215","33,884","33,235","32,323","31,251","27,777","27,459","30,906","32,772","31,961","30,131","29,279","27,166","26,269","25,195","26,702","25,380","22,785","21,121","21,634","20,284","19,015","17,594","16,117",,,,,,,,,,,,,,,,,,,,,,,,,,,,,,,,,,,,,,,,,,,,,,,,,,,,,,,,,,,,,,,,,,,,,,,,,,,,,,,,,,,,,,,,,,,,,,,,,,,,,,,,,,,,,,,,,,,,,,,,,,,,,,,,,,,,,,,,,,,,,,,,,,,,,,,,,,,,,,,,,,,,,,,,,,,,,,,,,,,,,,,,,,,,,,,,,,,,,,,,,,,,,,,,,,,,,,,,,,,,,,,,,,,
44831,Jewelry stores ………………………………………...………………………………………………...……………………………………………,"30,758","32,452","32,061","30,988","30,937","31,438","31,197","30,444","29,862","29,050","25,909","25,698","28,993","30,820","30,103","28,421","27,623","25,493","24,638","23,561","24,821","23,691","21,271","19,629","20,169","19,007","17,852","16,429","15,045",,,,,,,,,,,,,,,,,,,,,,,,,,,,,,,,,,,,,,,,,,,,,,,,,,,,,,,,,,,,,,,,,,,,,,,,,,,,,,,,,,,,,,,,,,,,,,,,,,,,,,,,,,,,,,,,,,,,,,,,,,,,,,,,,,,,,,,,,,,,,,,,,,,,,,,,,,,,,,,,,,,,,,,,,,,,,,,,,,,,,,,,,,,,,,,,,,,,,,,,,,,,,,,,,,,,,,,,,,,,,,,,,,,
451,"Sporting goods, hobby, musical instrument, and book stores ………………………………………...…………………………………………………………………………………………………","84,363","79,807","80,208","83,896","86,223","85,401","83,547","82,731","81,159","78,647","78,227","77,678","80,561","80,909","78,534","75,228","73,167","70,359","69,212","68,583","67,592","64,072","60,441","57,692","56,071","53,033","50,145","45,573","42,966",,,,,,,,,,,,,,,,,,,,,,,,,,,,,,,,,,,,,,,,,,,,,,,,,,,,,,,,,,,,,,,,,,,,,,,,,,,,,,,,,,,,,,,,,,,,,,,,,,,,,,,,,,,,,,,,,,,,,,,,,,,,,,,,,,,,,,,,,,,,,,,,,,,,,,,,,,,,,,,,,,,,,,,,,,,,,,,,,,,,,,,,,,,,,,,,,,,,,,,,,,,,,,,,,,,,,,,,,,,,,,,,,,,
4511,"Sporting goods, hobby, and musical instrument stores ………………………………………...…………………………………………………………………………………………………","77,806","70,365","70,177","73,040","75,062","73,848","71,487","70,306","67,743","63,820","61,901","60,831","62,463","62,457","60,229","56,965","55,000","53,012","52,652","52,278","51,444","48,613","45,810","43,682","42,913","40,631","38,932","35,453","33,663",,,,,,,,,,,,,,,,,,,,,,,,,,,,,,,,,,,,,,,,,,,,,,,,,,,,,,,,,,,,,,,,,,,,,,,,,,,,,,,,,,,,,,,,,,,,,,,,,,,,,,,,,,,,,,,,,,,,,,,,,,,,,,,,,,,,,,,,,,,,,,,,,,,,,,,,,,,,,,,,,,,,,,,,,,,,,,,,,,,,,,,,,,,,,,,,,,,,,,,,,,,,,,,,,,,,,,,,,,,,,,,,,,,
45111,Sporting goods stores ………………………………………...…………………………………………………………………………………………………,"52,900","45,148","44,077","45,965","48,103","46,906","45,097","44,578","42,142","38,995","37,407","36,574","36,777","35,804","33,869","30,713","28,640","27,000","26,219","26,158","25,308","23,699","22,284","21,167","20,810","19,869","18,825","16,791","15,583",,,,,,,,,,,,,,,,,,,,,,,,,,,,,,,,,,,,,,,,,,,,,,,,,,,,,,,,,,,,,,,,,,,,,,,,,,,,,,,,,,,,,,,,,,,,,,,,,,,,,,,,,,,,,,,,,,,,,,,,,,,,,,,,,,,,,,,,,,,,,,,,,,,,,,,,,,,,,,,,,,,,,,,,,,,,,,,,,,,,,,,,,,,,,,,,,,,,,,,,,,,,,,,,,,,,,,,,,,,,,,,,,,,
45112,"   Hobby, toy, and game stores …………………………………………………………………………………………………………………………………","17,027","16,435","16,892","18,147","18,399","18,045","17,433","16,919","16,620","16,119","15,805","15,530","16,107","16,344","16,020","16,255","16,314","16,582","16,909","16,820","16,947","16,651","15,833","15,021","14,502","13,714","12,850","11,651","11,251",,,,,,,,,,,,,,,,,,,,,,,,,,,,,,,,,,,,,,,,,,,,,,,,,,,,,,,,,,,,,,,,,,,,,,,,,,,,,,,,,,,,,,,,,,,,,,,,,,,,,,,,,,,,,,,,,,,,,,,,,,,,,,,,,,,,,,,,,,,,,,,,,,,,,,,,,,,,,,,,,,,,,,,,,,,,,,,,,,,,,,,,,,,,,,,,,,,,,,,,,,,,,,,,,,,,,,,,,,,,,,,,,,,
4512,Book stores and news dealers ………………………………………………………………………………………………………………………,"6,557","9,442","10,031","10,856","11,161","11,553","12,060","12,425","13,416","14,827","16,326","16,847","18,098","18,452","18,305","18,263","18,167","17,347","16,560","16,305","16,148","15,459","14,631","14,010","13,158","12,402","11,213","10,120","9,303",,,,,,,,,,,,,,,,,,,,,,,,,,,,,,,,,,,,,,,,,,,,,,,,,,,,,,,,,,,,,,,,,,,,,,,,,,,,,,,,,,,,,,,,,,,,,,,,,,,,,,,,,,,,,,,,,,,,,,,,,,,,,,,,,,,,,,,,,,,,,,,,,,,,,,,,,,,,,,,,,,,,,,,,,,,,,,,,,,,,,,,,,,,,,,,,,,,,,,,,,,,,,,,,,,,,,,,,,,,,,,,,,,,
45121,Book stores and news dealers …………………………………………………………………………………………………………………,"6,557","9,442","10,031","10,856","11,161","11,553","12,060","12,425","13,416","14,827","16,326","16,847","18,098","18,452","18,305","18,263","18,167","17,347","16,560","16,305","16,148","15,459","14,631","14,010","13,158","12,402","11,213","10,120","9,303",,,,,,,,,,,,,,,,,,,,,,,,,,,,,,,,,,,,,,,,,,,,,,,,,,,,,,,,,,,,,,,,,,,,,,,,,,,,,,,,,,,,,,,,,,,,,,,,,,,,,,,,,,,,,,,,,,,,,,,,,,,,,,,,,,,,,,,,,,,,,,,,,,,,,,,,,,,,,,,,,,,,,,,,,,,,,,,,,,,,,,,,,,,,,,,,,,,,,,,,,,,,,,,,,,,,,,,,,,,,,,,,,,,
451211,Book stores ………………………………………...…………………………………………………………………………………………………,"6,163","8,931","9,525","10,329","10,572","10,872","11,237","11,442","12,269","13,716","15,238","15,802","16,801","17,171","16,978","16,992","16,881","16,219","15,437","15,098","14,879","14,172","13,282","12,742","11,905","11,196","10,107","9,108","8,327",,,,,,,,,,,,,,,,,,,,,,,,,,,,,,,,,,,,,,,,,,,,,,,,,,,,,,,,,,,,,,,,,,,,,,,,,,,,,,,,,,,,,,,,,,,,,,,,,,,,,,,,,,,,,,,,,,,,,,,,,,,,,,,,,,,,,,,,,,,,,,,,,,,,,,,,,,,,,,,,,,,,,,,,,,,,,,,,,,,,,,,,,,,,,,,,,,,,,,,,,,,,,,,,,,,,,,,,,,,,,,,,,,,
452,General merchandise stores ………………………………………...…………………………………………………………………………………………………,"730,570","716,467","707,088","691,891","682,698","680,127","670,608","653,572","642,313","624,766","603,757","588,918","595,041","578,582","554,256","528,385","497,382","468,771","446,520","427,468","404,228","380,179","351,081","331,363","315,305","300,498","285,190","265,996","247,876",,,,,,,,,,,,,,,,,,,,,,,,,,,,,,,,,,,,,,,,,,,,,,,,,,,,,,,,,,,,,,,,,,,,,,,,,,,,,,,,,,,,,,,,,,,,,,,,,,,,,,,,,,,,,,,,,,,,,,,,,,,,,,,,,,,,,,,,,,,,,,,,,,,,,,,,,,,,,,,,,,,,,,,,,,,,,,,,,,,,,,,,,,,,,,,,,,,,,,,,,,,,,,,,,,,,,,,,,,,,,,,,,,,
4521,Department stores ………………………………………...…………………………………………………………………………………………………,"112,335","134,655","142,078","146,654","154,200","165,074","168,778","170,560","177,313","183,361","184,755","186,583","198,236","209,392","213,155","215,266","215,691","214,470","220,743","228,377","232,475","230,304","223,290","220,108","212,203","205,920","198,945","187,685","177,089",,,,,,,,,,,,,,,,,,,,,,,,,,,,,,,,,,,,,,,,,,,,,,,,,,,,,,,,,,,,,,,,,,,,,,,,,,,,,,,,,,,,,,,,,,,,,,,,,,,,,,,,,,,,,,,,,,,,,,,,,,,,,,,,,,,,,,,,,,,,,,,,,,,,,,,,,,,,,,,,,,,,,,,,,,,,,,,,,,,,,,,,,,,,,,,,,,,,,,,,,,,,,,,,,,,,,,,,,,,,,,,,,,,
45211,Department stores …………………………………...…………………………………………………………………………………………………,"112,335","134,655","142,078","146,654","154,200","165,074","168,778","170,560","177,313","183,361","184,755","186,583","198,236","209,392","213,155","215,266","215,691","214,470","220,743","228,377","232,475","230,304","223,290","220,108","212,203","205,920","198,945","187,685","177,089",,,,,,,,,,,,,,,,,,,,,,,,,,,,,,,,,,,,,,,,,,,,,,,,,,,,,,,,,,,,,,,,,,,,,,,,,,,,,,,,,,,,,,,,,,,,,,,,,,,,,,,,,,,,,,,,,,,,,,,,,,,,,,,,,,,,,,,,,,,,,,,,,,,,,,,,,,,,,,,,,,,,,,,,,,,,,,,,,,,,,,,,,,,,,,,,,,,,,,,,,,,,,,,,,,,,,,,,,,,,,,,,,,,
452111,Department stores (except discount dept. stores) ………………………………………...………………………………………………………………………………,"21,294","39,548","44,571","48,435","52,911","57,299","59,419","60,029","62,961","65,738","64,901","63,340","71,149","76,887","80,297","84,751","84,466","85,146","86,857","90,782","96,282","96,652","94,308","93,985","92,172","89,300","89,402","86,325","85,153",,,,,,,,,,,,,,,,,,,,,,,,,,,,,,,,,,,,,,,,,,,,,,,,,,,,,,,,,,,,,,,,,,,,,,,,,,,,,,,,,,,,,,,,,,,,,,,,,,,,,,,,,,,,,,,,,,,,,,,,,,,,,,,,,,,,,,,,,,,,,,,,,,,,,,,,,,,,,,,,,,,,,,,,,,,,,,,,,,,,,,,,,,,,,,,,,,,,,,,,,,,,,,,,,,,,,,,,,,,,,,,,,,,
452112,Discount dept. stores ………………………………………...…………………………………………………………………………………………………,"91,041","95,107","97,507","98,219","101,289","107,775","109,359","110,531","114,352","117,623","119,854","123,243","127,087","132,505","132,858","130,515","131,225","129,324","133,886","137,595","136,193","133,652","128,982","126,123","120,031","116,620","109,543","101,360","91,936",,,,,,,,,,,,,,,,,,,,,,,,,,,,,,,,,,,,,,,,,,,,,,,,,,,,,,,,,,,,,,,,,,,,,,,,,,,,,,,,,,,,,,,,,,,,,,,,,,,,,,,,,,,,,,,,,,,,,,,,,,,,,,,,,,,,,,,,,,,,,,,,,,,,,,,,,,,,,,,,,,,,,,,,,,,,,,,,,,,,,,,,,,,,,,,,,,,,,,,,,,,,,,,,,,,,,,,,,,,,,,,,,,,
4529,Other general merchandise stores ………………………………………...…………………………………………………………………………………………………,"618,235","581,812","565,010","545,237","528,498","515,053","501,830","483,012","465,000","441,405","419,002","402,335","396,805","369,190","341,101","313,119","281,691","254,301","225,777","199,091","171,753","149,875","127,791","111,255","103,102","94,578","86,245","78,311","70,787",,,,,,,,,,,,,,,,,,,,,,,,,,,,,,,,,,,,,,,,,,,,,,,,,,,,,,,,,,,,,,,,,,,,,,,,,,,,,,,,,,,,,,,,,,,,,,,,,,,,,,,,,,,,,,,,,,,,,,,,,,,,,,,,,,,,,,,,,,,,,,,,,,,,,,,,,,,,,,,,,,,,,,,,,,,,,,,,,,,,,,,,,,,,,,,,,,,,,,,,,,,,,,,,,,,,,,,,,,,,,,,,,,,
45291,Warehouse clubs and supercenters ………………………………………...…………………………………………………………………………………………………,"527,095","501,333","486,683","470,180","457,178","447,051","436,743","421,029","406,309","386,343","367,993","354,529","351,226","324,963","297,956","271,920","242,330","216,286","191,252","164,716","139,614","118,809","98,493","81,919","73,079","65,101","57,756","46,628","40,025",,,,,,,,,,,,,,,,,,,,,,,,,,,,,,,,,,,,,,,,,,,,,,,,,,,,,,,,,,,,,,,,,,,,,,,,,,,,,,,,,,,,,,,,,,,,,,,,,,,,,,,,,,,,,,,,,,,,,,,,,,,,,,,,,,,,,,,,,,,,,,,,,,,,,,,,,,,,,,,,,,,,,,,,,,,,,,,,,,,,,,,,,,,,,,,,,,,,,,,,,,,,,,,,,,,,,,,,,,,,,,,,,,,
45299,All other general merchandise stores ………………………………………...…………………………………………………………………………………………………,"91,140","80,479","78,327","75,057","71,320","68,002","65,087","61,983","58,691","55,062","51,009","47,806","45,579","44,227","43,145","41,199","39,361","38,015","34,525","34,375","32,139","31,066","29,298","29,336","30,023","29,477","28,489","31,683","30,762",,,,,,,,,,,,,,,,,,,,,,,,,,,,,,,,,,,,,,,,,,,,,,,,,,,,,,,,,,,,,,,,,,,,,,,,,,,,,,,,,,,,,,,,,,,,,,,,,,,,,,,,,,,,,,,,,,,,,,,,,,,,,,,,,,,,,,,,,,,,,,,,,,,,,,,,,,,,,,,,,,,,,,,,,,,,,,,,,,,,,,,,,,,,,,,,,,,,,,,,,,,,,,,,,,,,,,,,,,,,,,,,,,,
453,Miscellaneous store retailers ………………………………………...…………………………………………………………………………………………………,"126,668","130,605","128,517","123,182","120,754","118,546","115,330","112,119","110,018","108,401","104,234","101,745","110,688","116,418","113,694","107,279","104,177","101,913","102,783","103,087","106,719","104,218","98,369","90,232","82,819","75,977","69,457","61,545","54,840",,,,,,,,,,,,,,,,,,,,,,,,,,,,,,,,,,,,,,,,,,,,,,,,,,,,,,,,,,,,,,,,,,,,,,,,,,,,,,,,,,,,,,,,,,,,,,,,,,,,,,,,,,,,,,,,,,,,,,,,,,,,,,,,,,,,,,,,,,,,,,,,,,,,,,,,,,,,,,,,,,,,,,,,,,,,,,,,,,,,,,,,,,,,,,,,,,,,,,,,,,,,,,,,,,,,,,,,,,,,,,,,,,,
4531,    Florists ………………………………………...…………………………………………………………………….………………………………………,"5,116","5,634","5,758","5,698","5,671","5,720","5,759","5,676","5,578","5,580","5,891","5,868","6,710","7,244","7,329","7,078","6,730","6,945","7,494","7,859","8,171","7,804","7,585","7,316","7,122","6,636","6,587","6,429","6,397",,,,,,,,,,,,,,,,,,,,,,,,,,,,,,,,,,,,,,,,,,,,,,,,,,,,,,,,,,,,,,,,,,,,,,,,,,,,,,,,,,,,,,,,,,,,,,,,,,,,,,,,,,,,,,,,,,,,,,,,,,,,,,,,,,,,,,,,,,,,,,,,,,,,,,,,,,,,,,,,,,,,,,,,,,,,,,,,,,,,,,,,,,,,,,,,,,,,,,,,,,,,,,,,,,,,,,,,,,,,,,,,,,,
4532,"    Office supplies, stationery, and gift stores ……………………………………………………….……………………………","23,859","28,874","30,316","30,061","31,125","31,975","32,691","33,097","33,454","34,083","34,310","34,478","38,087","41,245","41,290","39,775","39,319","38,704","39,025","39,385","41,653","40,006","37,120","33,667","30,889","29,327","27,143","23,876","21,416",,,,,,,,,,,,,,,,,,,,,,,,,,,,,,,,,,,,,,,,,,,,,,,,,,,,,,,,,,,,,,,,,,,,,,,,,,,,,,,,,,,,,,,,,,,,,,,,,,,,,,,,,,,,,,,,,,,,,,,,,,,,,,,,,,,,,,,,,,,,,,,,,,,,,,,,,,,,,,,,,,,,,,,,,,,,,,,,,,,,,,,,,,,,,,,,,,,,,,,,,,,,,,,,,,,,,,,,,,,,,,,,,,,
45321,Office supplies and stationery stores ………………………………………………………………………………………,"10,277","10,702","11,358","12,261","13,288","14,496","15,670","16,552","17,401","18,117","18,774","19,397","21,272","23,204","22,788","22,162","21,685","21,017","20,961","20,885","22,748","21,600","19,522","17,334","15,592","14,824","13,235","11,127","9,184",,,,,,,,,,,,,,,,,,,,,,,,,,,,,,,,,,,,,,,,,,,,,,,,,,,,,,,,,,,,,,,,,,,,,,,,,,,,,,,,,,,,,,,,,,,,,,,,,,,,,,,,,,,,,,,,,,,,,,,,,,,,,,,,,,,,,,,,,,,,,,,,,,,,,,,,,,,,,,,,,,,,,,,,,,,,,,,,,,,,,,,,,,,,,,,,,,,,,,,,,,,,,,,,,,,,,,,,,,,,,,,,,,,
45322,"Gift, novelty, and souvenir stores ...……………………………………………………………………………………………","13,582","18,172","18,958","17,800","17,837","17,479","17,021","16,545","16,053","15,966","15,536","15,081","16,815","18,041","18,502","17,613","17,634","17,687","18,064","18,500","18,905","18,406","17,598","16,333","15,297","14,503","13,908","12,749","12,232",,,,,,,,,,,,,,,,,,,,,,,,,,,,,,,,,,,,,,,,,,,,,,,,,,,,,,,,,,,,,,,,,,,,,,,,,,,,,,,,,,,,,,,,,,,,,,,,,,,,,,,,,,,,,,,,,,,,,,,,,,,,,,,,,,,,,,,,,,,,,,,,,,,,,,,,,,,,,,,,,,,,,,,,,,,,,,,,,,,,,,,,,,,,,,,,,,,,,,,,,,,,,,,,,,,,,,,,,,,,,,,,,,,
4533,    Used merchandise stores ………………………………………………………………………………..………………………………,"16,362","18,021","17,010","16,739","16,179","16,152","15,658","15,167","14,728","13,248","11,800","10,872","11,242","10,930","10,413","9,320","9,271","9,214","9,500","9,527","9,832","9,377","9,023","8,058","7,256","6,617","6,125","6,136","5,567",,,,,,,,,,,,,,,,,,,,,,,,,,,,,,,,,,,,,,,,,,,,,,,,,,,,,,,,,,,,,,,,,,,,,,,,,,,,,,,,,,,,,,,,,,,,,,,,,,,,,,,,,,,,,,,,,,,,,,,,,,,,,,,,,,,,,,,,,,,,,,,,,,,,,,,,,,,,,,,,,,,,,,,,,,,,,,,,,,,,,,,,,,,,,,,,,,,,,,,,,,,,,,,,,,,,,,,,,,,,,,,,,,,
4539,    Other miscellaneous store retailers ………………………………………………………………………………………………,"81,331","78,076","75,433","70,684","67,779","64,699","61,222","58,179","56,258","55,490","52,233","50,527","54,649","56,999","54,662","51,106","48,857","47,050","46,764","46,316","47,063","47,031","44,641","41,191","37,552","33,397","29,602","25,104","21,460",,,,,,,,,,,,,,,,,,,,,,,,,,,,,,,,,,,,,,,,,,,,,,,,,,,,,,,,,,,,,,,,,,,,,,,,,,,,,,,,,,,,,,,,,,,,,,,,,,,,,,,,,,,,,,,,,,,,,,,,,,,,,,,,,,,,,,,,,,,,,,,,,,,,,,,,,,,,,,,,,,,,,,,,,,,,,,,,,,,,,,,,,,,,,,,,,,,,,,,,,,,,,,,,,,,,,,,,,,,,,,,,,,,
45399,All other miscellaneous store retailers ………………………………………………………………………………………………,"44,178","40,574","37,908","35,565","33,868","32,149","29,872","29,544","29,678","29,765","27,611","26,689","27,279","27,213","27,332","25,777","25,270","24,666","24,040","22,643","22,132","20,770","19,366","18,044","16,314","14,465","13,063","11,316","10,071",,,,,,,,,,,,,,,,,,,,,,,,,,,,,,,,,,,,,,,,,,,,,,,,,,,,,,,,,,,,,,,,,,,,,,,,,,,,,,,,,,,,,,,,,,,,,,,,,,,,,,,,,,,,,,,,,,,,,,,,,,,,,,,,,,,,,,,,,,,,,,,,,,,,,,,,,,,,,,,,,,,,,,,,,,,,,,,,,,,,,,,,,,,,,,,,,,,,,,,,,,,,,,,,,,,,,,,,,,,,,,,,,,,
454,Nonstore retailers ………………………………………...…………………………………………………………………………………………………,"978,306","750,640","675,816","608,194","544,316","498,331","464,167","429,977","408,171","376,344","340,957","311,152","319,152","308,767","284,343","255,579","228,977","206,359","189,279","180,563","180,453","151,797","133,904","126,190","117,761","103,516","96,280","85,811","78,501",,,,,,,,,,,,,,,,,,,,,,,,,,,,,,,,,,,,,,,,,,,,,,,,,,,,,,,,,,,,,,,,,,,,,,,,,,,,,,,,,,,,,,,,,,,,,,,,,,,,,,,,,,,,,,,,,,,,,,,,,,,,,,,,,,,,,,,,,,,,,,,,,,,,,,,,,,,,,,,,,,,,,,,,,,,,,,,,,,,,,,,,,,,,,,,,,,,,,,,,,,,,,,,,,,,,,,,,,,,,,,,,,,,
4541, Electronic shopping and mail-order houses ………………………………………...………………………………………………,"888,502","657,089","583,789","524,639","467,278","418,960","376,891","346,163","328,655","294,697","263,488","235,625","229,242","223,681","202,251","175,900","154,157","134,304","122,214","114,749","113,790","94,282","80,297","70,067","61,106","52,680","47,037","40,677","35,210",,,,,,,,,,,,,,,,,,,,,,,,,,,,,,,,,,,,,,,,,,,,,,,,,,,,,,,,,,,,,,,,,,,,,,,,,,,,,,,,,,,,,,,,,,,,,,,,,,,,,,,,,,,,,,,,,,,,,,,,,,,,,,,,,,,,,,,,,,,,,,,,,,,,,,,,,,,,,,,,,,,,,,,,,,,,,,,,,,,,,,,,,,,,,,,,,,,,,,,,,,,,,,,,,,,,,,,,,,,,,,,,,,,
4542, Vending machine operators ………………………………………...……………………………………...……………………………,"6,982","9,075","8,437","7,930","7,753","7,184","6,775","6,577","6,642","6,293","6,456","6,694","7,684","7,866","8,088","7,979","8,127","7,738","7,968","7,853","8,572","8,217","7,859","7,772","7,466","6,753","6,958","6,850","7,028",,,,,,,,,,,,,,,,,,,,,,,,,,,,,,,,,,,,,,,,,,,,,,,,,,,,,,,,,,,,,,,,,,,,,,,,,,,,,,,,,,,,,,,,,,,,,,,,,,,,,,,,,,,,,,,,,,,,,,,,,,,,,,,,,,,,,,,,,,,,,,,,,,,,,,,,,,,,,,,,,,,,,,,,,,,,,,,,,,,,,,,,,,,,,,,,,,,,,,,,,,,,,,,,,,,,,,,,,,,,,,,,,,,
4543, Direct selling establishments ………………………………………...…………………………………...………………………………,"82,822","84,476","83,590","75,625","69,285","72,187","80,501","77,237","72,874","75,354","71,013","68,833","82,226","77,220","74,004","71,700","66,693","64,317","59,097","57,961","58,091","49,298","45,748","48,351","49,189","44,083","42,285","38,284","36,263",,,,,,,,,,,,,,,,,,,,,,,,,,,,,,,,,,,,,,,,,,,,,,,,,,,,,,,,,,,,,,,,,,,,,,,,,,,,,,,,,,,,,,,,,,,,,,,,,,,,,,,,,,,,,,,,,,,,,,,,,,,,,,,,,,,,,,,,,,,,,,,,,,,,,,,,,,,,,,,,,,,,,,,,,,,,,,,,,,,,,,,,,,,,,,,,,,,,,,,,,,,,,,,,,,,,,,,,,,,,,,,,,,,
45431,Fuel dealers ………………………………………...…………………………………………………………………………………………………,"29,240","34,997","36,617","31,433","27,587","32,856","41,670","38,657","35,935","39,469","35,524","33,459","43,575","37,436","35,480","34,311","30,345","28,414","23,981","26,093","26,692","19,912","18,925","21,941","22,563","19,820","18,700","17,566","16,665",,,,,,,,,,,,,,,,,,,,,,,,,,,,,,,,,,,,,,,,,,,,,,,,,,,,,,,,,,,,,,,,,,,,,,,,,,,,,,,,,,,,,,,,,,,,,,,,,,,,,,,,,,,,,,,,,,,,,,,,,,,,,,,,,,,,,,,,,,,,,,,,,,,,,,,,,,,,,,,,,,,,,,,,,,,,,,,,,,,,,,,,,,,,,,,,,,,,,,,,,,,,,,,,,,,,,,,,,,,,,,,,,,,
Footnotes: ,,,,,,,,,,,,,,,,,,,,,,,,,,,,,,,,,,,,,,,,,,,,,,,,,,,,,,,,,,,,,,,,,,,,,,,,,,,,,,,,,,,,,,,,,,,,,,,,,,,,,,,,,,,,,,,,,,,,,,,,,,,,,,,,,,,,,,,,,,,,,,,,,,,,,,,,,,,,,,,,,,,,,,,,,,,,,,,,,,,,,,,,,,,,,,,,,,,,,,,,,,,,,,,,,,,,,,,,,,,,,,,,,,,,,,,,,,,,,,,,,,,,,,,,,,,,,,,,,
"1GAFO represents stores classified in the following NAICS codes: 442, 443, 448, 451, 452, and 4532.  NAICS code 4532 includes office supplies, stationery, and gift stores.",,,,,,,,,,,,,,,,,,,,,,,,,,,,,,,,,,,,,,,,,,,,,,,,,,,,,,,,,,,,,,,,,,,,,,,,,,,,,,,,,,,,,,,,,,,,,,,,,,,,,,,,,,,,,,,,,,,,,,,,,,,,,,,,,,,,,,,,,,,,,,,,,,,,,,,,,,,,,,,,,,,,,,,,,,,,,,,,,,,,,,,,,,,,,,,,,,,,,,,,,,,,,,,,,,,,,,,,,,,,,,,,,,,,,,,,,,,,,,,,,,,,,,,,,,,,,,,,,
rRevised data,,,,,,,,,,,,,,,,,,,,,,,,,,,,,,,,,,,,,,,,,,,,,,,,,,,,,,,,,,,,,,,,,,,,,,,,,,,,,,,,,,,,,,,,,,,,,,,,,,,,,,,,,,,,,,,,,,,,,,,,,,,,,,,,,,,,,,,,,,,,,,,,,,,,,,,,,,,,,,,,,,,,,,,,,,,,,,,,,,,,,,,,,,,,,,,,,,,,,,,,,,,,,,,,,,,,,,,,,,,,,,,,,,,,,,,,,,,,,,,,,,,,,,,,,,,,,,,,,
Note: Estimated measures of sample variability can be found at https://www2.census.gov/programs-surveys/arts/tables/2020/reliability_tables.xls.,,,,,,,,,,,,,,,,,,,,,,,,,,,,,,,,,,,,,,,,,,,,,,,,,,,,,,,,,,,,,,,,,,,,,,,,,,,,,,,,,,,,,,,,,,,,,,,,,,,,,,,,,,,,,,,,,,,,,,,,,,,,,,,,,,,,,,,,,,,,,,,,,,,,,,,,,,,,,,,,,,,,,,,,,,,,,,,,,,,,,,,,,,,,,,,,,,,,,,,,,,,,,,,,,,,,,,,,,,,,,,,,,,,,,,,,,,,,,,,,,,,,,,,,,,,,,,,,,
"Note: Retail total and other subsector totals may include data for kinds of business not shown.  Estimates have not been adjusted for price changes.  Additional information on confidentiality protection, sampling error, nonsampling error, sample design, and definitions can be found on the Internet at http://www.census.gov/programs-surveys/arts/technical-documentation/methodology.html.",,,,,,,,,,,,,,,,,,,,,,,,,,,,,,,,,,,,,,,,,,,,,,,,,,,,,,,,,,,,,,,,,,,,,,,,,,,,,,,,,,,,,,,,,,,,,,,,,,,,,,,,,,,,,,,,,,,,,,,,,,,,,,,,,,,,,,,,,,,,,,,,,,,,,,,,,,,,,,,,,,,,,,,,,,,,,,,,,,,,,,,,,,,,,,,,,,,,,,,,,,,,,,,,,,,,,,,,,,,,,,,,,,,,,,,,,,,,,,,,,,,,,,,,,,,,,,,,,
Note: The Census Bureau has reviewed this data product for unauthorized disclosure of confidential information and has approved the disclosure avoidance practices applied (Approval ID: CBDRB-FY22-061).,,,,,,,,,,,,,,,,,,,,,,,,,,,,,,,,,,,,,,,,,,,,,,,,,,,,,,,,,,,,,,,,,,,,,,,,,,,,,,,,,,,,,,,,,,,,,,,,,,,,,,,,,,,,,,,,,,,,,,,,,,,,,,,,,,,,,,,,,,,,,,,,,,,,,,,,,,,,,,,,,,,,,,,,,,,,,,,,,,,,,,,,,,,,,,,,,,,,,,,,,,,,,,,,,,,,,,,,,,,,,,,,,,,,,,,,,,,,,,,,,,,,,,,,,,,,,,,,,
,,,,,,,,,,,,,,,,,,,,,,,,,,,,,,,,,,,,,,,,,,,,,,,,,,,,,,,,,,,,,,,,,,,,,,,,,,,,,,,,,,,,,,,,,,,,,,,,,,,,,,,,,,,,,,,,,,,,,,,,,,,,,,,,,,,,,,,,,,,,,,,,,,,,,,,,,,,,,,,,,,,,,,,,,,,,,,,,,,,,,,,,,,,,,,,,,,,,,,,,,,,,,,,,,,,,,,,,,,,,,,,,,,,,,,,,,,,,,,,,,,,,,,,,,,,,,,,,,
,,,,,,,,,,,,,,,,,,,,,,,,,,,,,,,,,,,,,,,,,,,,,,,,,,,,,,,,,,,,,,,,,,,,,,,,,,,,,,,,,,,,,,,,,,,,,,,,,,,,,,,,,,,,,,,,,,,,,,,,,,,,,,,,,,,,,,,,,,,,,,,,,,,,,,,,,,,,,,,,,,,,,,,,,,,,,,,,,,,,,,,,,,,,,,,,,,,,,,,,,,,,,,,,,,,,,,,,,,,,,,,,,,,,,,,,,,,,,,,,,,,,,,,,,,,,,,,,,
,,,,,,,,,,,,,,,,,,,,,,,,,,,,,,,,,,,,,,,,,,,,,,,,,,,,,,,,,,,,,,,,,,,,,,,,,,,,,,,,,,,,,,,,,,,,,,,,,,,,,,,,,,,,,,,,,,,,,,,,,,,,,,,,,,,,,,,,,,,,,,,,,,,,,,,,,,,,,,,,,,,,,,,,,,,,,,,,,,,,,,,,,,,,,,,,,,,,,,,,,,,,,,,,,,,,,,,,,,,,,,,,,,,,,,,,,,,,,,,,,,,,,,,,,,,,,,,,,
